Commit 1 on Fri Mar  7 16:48:48 UTC 2025
Commit 2 on Fri Mar  7 16:48:51 UTC 2025
Commit 3 on Fri Mar  7 16:48:54 UTC 2025
Commit 4 on Fri Mar  7 16:48:57 UTC 2025
Commit 1 on Fri Mar  7 16:54:10 UTC 2025
Commit 2 on Fri Mar  7 16:54:13 UTC 2025
Commit 3 on Fri Mar  7 16:54:16 UTC 2025
Commit 4 on Fri Mar  7 16:54:19 UTC 2025
Commit 1 on Fri Mar  7 16:55:35 UTC 2025
Commit 2 on Fri Mar  7 16:55:38 UTC 2025
Commit 3 on Fri Mar  7 16:55:41 UTC 2025
Commit 4 on Fri Mar  7 16:55:44 UTC 2025
Commit 1 on Sun Mar  9 12:33:17 UTC 2025
Commit 2 on Sun Mar  9 12:33:20 UTC 2025
Commit 3 on Sun Mar  9 12:33:23 UTC 2025
Commit 4 on Sun Mar  9 12:33:26 UTC 2025
Commit 1 on Tue Mar 11 12:47:47 UTC 2025
Commit 2 on Tue Mar 11 12:47:50 UTC 2025
Commit 3 on Tue Mar 11 12:47:53 UTC 2025
Commit 4 on Tue Mar 11 12:47:56 UTC 2025
Commit 1 on Thu Mar 13 12:47:50 UTC 2025
Commit 2 on Thu Mar 13 12:47:53 UTC 2025
Commit 3 on Thu Mar 13 12:47:56 UTC 2025
Commit 4 on Thu Mar 13 12:47:59 UTC 2025
Commit 1 on Sat Mar 15 12:40:49 UTC 2025
Commit 2 on Sat Mar 15 12:40:52 UTC 2025
Commit 3 on Sat Mar 15 12:40:55 UTC 2025
Commit 4 on Sat Mar 15 12:40:58 UTC 2025
Commit 1 on Mon Mar 17 12:48:50 UTC 2025
Commit 2 on Mon Mar 17 12:48:53 UTC 2025
Commit 3 on Mon Mar 17 12:48:56 UTC 2025
Commit 4 on Mon Mar 17 12:48:59 UTC 2025
Commit 1 on Wed Mar 19 12:47:59 UTC 2025
Commit 2 on Wed Mar 19 12:48:02 UTC 2025
Commit 3 on Wed Mar 19 12:48:05 UTC 2025
Commit 4 on Wed Mar 19 12:48:08 UTC 2025
Commit 1 on Fri Mar 21 12:46:15 UTC 2025
Commit 2 on Fri Mar 21 12:46:18 UTC 2025
Commit 3 on Fri Mar 21 12:46:21 UTC 2025
Commit 4 on Fri Mar 21 12:46:24 UTC 2025
Commit 1 on Sun Mar 23 12:42:02 UTC 2025
Commit 2 on Sun Mar 23 12:42:05 UTC 2025
Commit 3 on Sun Mar 23 12:42:08 UTC 2025
Commit 4 on Sun Mar 23 12:42:11 UTC 2025
Commit 1 on Tue Mar 25 12:48:09 UTC 2025
Commit 2 on Tue Mar 25 12:48:12 UTC 2025
Commit 3 on Tue Mar 25 12:48:15 UTC 2025
Commit 4 on Tue Mar 25 12:48:18 UTC 2025
Commit 1 on Thu Mar 27 12:48:28 UTC 2025
Commit 2 on Thu Mar 27 12:48:31 UTC 2025
Commit 3 on Thu Mar 27 12:48:34 UTC 2025
Commit 4 on Thu Mar 27 12:48:37 UTC 2025
Commit 1 on Sat Mar 29 12:42:15 UTC 2025
Commit 2 on Sat Mar 29 12:42:18 UTC 2025
Commit 3 on Sat Mar 29 12:42:21 UTC 2025
Commit 4 on Sat Mar 29 12:42:24 UTC 2025
Commit 1 on Mon Mar 31 12:49:50 UTC 2025
Commit 2 on Mon Mar 31 12:49:53 UTC 2025
Commit 3 on Mon Mar 31 12:49:56 UTC 2025
Commit 4 on Mon Mar 31 12:49:59 UTC 2025
Commit 1 on Tue Apr  1 12:50:19 UTC 2025
Commit 2 on Tue Apr  1 12:50:22 UTC 2025
Commit 3 on Tue Apr  1 12:50:25 UTC 2025
Commit 4 on Tue Apr  1 12:50:28 UTC 2025
Commit 1 on Thu Apr  3 12:49:27 UTC 2025
Commit 2 on Thu Apr  3 12:49:30 UTC 2025
Commit 3 on Thu Apr  3 12:49:33 UTC 2025
Commit 4 on Thu Apr  3 12:49:36 UTC 2025
Commit 1 on Sat Apr  5 12:42:04 UTC 2025
Commit 2 on Sat Apr  5 12:42:07 UTC 2025
Commit 3 on Sat Apr  5 12:42:10 UTC 2025
Commit 4 on Sat Apr  5 12:42:13 UTC 2025
Commit 1 on Mon Apr  7 12:50:13 UTC 2025
Commit 2 on Mon Apr  7 12:50:16 UTC 2025
Commit 3 on Mon Apr  7 12:50:19 UTC 2025
Commit 4 on Mon Apr  7 12:50:22 UTC 2025
Commit 1 on Wed Apr  9 12:49:48 UTC 2025
Commit 2 on Wed Apr  9 12:49:51 UTC 2025
Commit 3 on Wed Apr  9 12:49:54 UTC 2025
Commit 4 on Wed Apr  9 12:49:57 UTC 2025
Commit 1 on Fri Apr 11 12:48:38 UTC 2025
Commit 2 on Fri Apr 11 12:48:41 UTC 2025
Commit 3 on Fri Apr 11 12:48:44 UTC 2025
Commit 4 on Fri Apr 11 12:48:47 UTC 2025
Commit 1 on Sun Apr 13 12:43:16 UTC 2025
Commit 2 on Sun Apr 13 12:43:19 UTC 2025
Commit 3 on Sun Apr 13 12:43:22 UTC 2025
Commit 4 on Sun Apr 13 12:43:25 UTC 2025
Commit 1 on Tue Apr 15 12:49:49 UTC 2025
Commit 2 on Tue Apr 15 12:49:52 UTC 2025
Commit 3 on Tue Apr 15 12:49:55 UTC 2025
Commit 4 on Tue Apr 15 12:49:58 UTC 2025
Commit 1 on Thu Apr 17 12:49:33 UTC 2025
Commit 2 on Thu Apr 17 12:49:36 UTC 2025
Commit 3 on Thu Apr 17 12:49:39 UTC 2025
Commit 4 on Thu Apr 17 12:49:42 UTC 2025
Commit 1 on Sat Apr 19 12:42:36 UTC 2025
Commit 2 on Sat Apr 19 12:42:39 UTC 2025
Commit 3 on Sat Apr 19 12:42:42 UTC 2025
Commit 4 on Sat Apr 19 12:42:45 UTC 2025
Commit 1 on Mon Apr 21 12:48:36 UTC 2025
Commit 2 on Mon Apr 21 12:48:39 UTC 2025
Commit 3 on Mon Apr 21 12:48:42 UTC 2025
Commit 4 on Mon Apr 21 12:48:45 UTC 2025
Commit 1 on Wed Apr 23 12:50:40 UTC 2025
Commit 2 on Wed Apr 23 12:50:44 UTC 2025
Commit 3 on Wed Apr 23 12:50:47 UTC 2025
Commit 4 on Wed Apr 23 12:50:50 UTC 2025
Commit 1 on Fri Apr 25 12:49:56 UTC 2025
Commit 2 on Fri Apr 25 12:49:59 UTC 2025
Commit 3 on Fri Apr 25 12:50:02 UTC 2025
Commit 4 on Fri Apr 25 12:50:05 UTC 2025
Commit 1 on Sun Apr 27 12:44:03 UTC 2025
Commit 2 on Sun Apr 27 12:44:06 UTC 2025
Commit 3 on Sun Apr 27 12:44:09 UTC 2025
Commit 4 on Sun Apr 27 12:44:12 UTC 2025
Commit 1 on Tue Apr 29 12:53:53 UTC 2025
Commit 2 on Tue Apr 29 12:53:56 UTC 2025
Commit 3 on Tue Apr 29 12:53:59 UTC 2025
Commit 4 on Tue Apr 29 12:54:02 UTC 2025
Commit 1 on Thu May  1 12:48:43 UTC 2025
Commit 2 on Thu May  1 12:48:47 UTC 2025
Commit 3 on Thu May  1 12:48:50 UTC 2025
Commit 4 on Thu May  1 12:48:53 UTC 2025
Commit 1 on Sat May  3 12:45:15 UTC 2025
Commit 2 on Sat May  3 12:45:18 UTC 2025
Commit 3 on Sat May  3 12:45:21 UTC 2025
Commit 4 on Sat May  3 12:45:24 UTC 2025
Commit 1 on Mon May  5 12:51:13 UTC 2025
Commit 2 on Mon May  5 12:51:16 UTC 2025
Commit 3 on Mon May  5 12:51:19 UTC 2025
Commit 4 on Mon May  5 12:51:22 UTC 2025
Commit 1 on Wed May  7 12:53:23 UTC 2025
Commit 2 on Wed May  7 12:53:26 UTC 2025
Commit 3 on Wed May  7 12:53:29 UTC 2025
Commit 4 on Wed May  7 12:53:32 UTC 2025
Commit 1 on Fri May  9 12:49:48 UTC 2025
Commit 2 on Fri May  9 12:49:51 UTC 2025
Commit 3 on Fri May  9 12:49:54 UTC 2025
Commit 4 on Fri May  9 12:49:57 UTC 2025
Commit 1 on Sun May 11 12:45:31 UTC 2025
Commit 2 on Sun May 11 12:45:34 UTC 2025
Commit 3 on Sun May 11 12:45:37 UTC 2025
Commit 4 on Sun May 11 12:45:40 UTC 2025
Commit 1 on Tue May 13 12:53:12 UTC 2025
Commit 2 on Tue May 13 12:53:15 UTC 2025
Commit 3 on Tue May 13 12:53:18 UTC 2025
Commit 4 on Tue May 13 12:53:21 UTC 2025
Commit 1 on Thu May 15 12:51:27 UTC 2025
Commit 2 on Thu May 15 12:51:30 UTC 2025
Commit 3 on Thu May 15 12:51:33 UTC 2025
Commit 4 on Thu May 15 12:51:36 UTC 2025
Commit 1 on Sat May 17 12:45:49 UTC 2025
Commit 2 on Sat May 17 12:45:52 UTC 2025
Commit 3 on Sat May 17 12:45:55 UTC 2025
Commit 4 on Sat May 17 12:45:58 UTC 2025
Commit 1 on Mon May 19 12:53:24 UTC 2025
Commit 2 on Mon May 19 12:53:27 UTC 2025
Commit 3 on Mon May 19 12:53:30 UTC 2025
Commit 4 on Mon May 19 12:53:33 UTC 2025
Commit 1 on Wed May 21 12:52:51 UTC 2025
Commit 2 on Wed May 21 12:52:54 UTC 2025
Commit 3 on Wed May 21 12:52:57 UTC 2025
Commit 4 on Wed May 21 12:53:00 UTC 2025
Commit 1 on Fri May 23 12:50:48 UTC 2025
Commit 2 on Fri May 23 12:50:51 UTC 2025
Commit 3 on Fri May 23 12:50:54 UTC 2025
Commit 4 on Fri May 23 12:50:57 UTC 2025
Commit 1 on Sun May 25 12:46:55 UTC 2025
Commit 2 on Sun May 25 12:46:58 UTC 2025
Commit 3 on Sun May 25 12:47:01 UTC 2025
Commit 4 on Sun May 25 12:47:04 UTC 2025
Commit 1 on Tue May 27 12:53:14 UTC 2025
Commit 2 on Tue May 27 12:53:17 UTC 2025
Commit 3 on Tue May 27 12:53:20 UTC 2025
Commit 4 on Tue May 27 12:53:23 UTC 2025
Commit 1 on Thu May 29 12:51:41 UTC 2025
Commit 2 on Thu May 29 12:51:44 UTC 2025
Commit 3 on Thu May 29 12:51:47 UTC 2025
Commit 4 on Thu May 29 12:51:50 UTC 2025
Commit 1 on Sat May 31 12:47:30 UTC 2025
Commit 2 on Sat May 31 12:47:33 UTC 2025
Commit 3 on Sat May 31 12:47:36 UTC 2025
Commit 4 on Sat May 31 12:47:39 UTC 2025
Commit 1 on Sun Jun  1 12:48:38 UTC 2025
Commit 2 on Sun Jun  1 12:48:41 UTC 2025
Commit 3 on Sun Jun  1 12:48:44 UTC 2025
Commit 4 on Sun Jun  1 12:48:47 UTC 2025
Commit 1 on Tue Jun  3 12:53:50 UTC 2025
Commit 2 on Tue Jun  3 12:53:53 UTC 2025
Commit 3 on Tue Jun  3 12:53:56 UTC 2025
Commit 4 on Tue Jun  3 12:53:59 UTC 2025
Commit 1 on Thu Jun  5 12:52:59 UTC 2025
Commit 2 on Thu Jun  5 12:53:02 UTC 2025
Commit 3 on Thu Jun  5 12:53:05 UTC 2025
Commit 4 on Thu Jun  5 12:53:08 UTC 2025
Commit 1 on Sat Jun  7 12:48:04 UTC 2025
Commit 2 on Sat Jun  7 12:48:07 UTC 2025
Commit 3 on Sat Jun  7 12:48:10 UTC 2025
Commit 4 on Sat Jun  7 12:48:13 UTC 2025
Commit 1 on Mon Jun  9 12:53:09 UTC 2025
Commit 2 on Mon Jun  9 12:53:12 UTC 2025
Commit 3 on Mon Jun  9 12:53:15 UTC 2025
Commit 4 on Mon Jun  9 12:53:18 UTC 2025
Commit 1 on Wed Jun 11 12:53:32 UTC 2025
Commit 2 on Wed Jun 11 12:53:35 UTC 2025
Commit 3 on Wed Jun 11 12:53:38 UTC 2025
Commit 4 on Wed Jun 11 12:53:41 UTC 2025
Commit 1 on Fri Jun 13 12:52:21 UTC 2025
Commit 2 on Fri Jun 13 12:52:24 UTC 2025
Commit 3 on Fri Jun 13 12:52:27 UTC 2025
Commit 4 on Fri Jun 13 12:52:30 UTC 2025
Commit 1 on Sun Jun 15 12:48:42 UTC 2025
Commit 2 on Sun Jun 15 12:48:45 UTC 2025
Commit 3 on Sun Jun 15 12:48:48 UTC 2025
Commit 4 on Sun Jun 15 12:48:51 UTC 2025
Commit 1 on Tue Jun 17 12:54:07 UTC 2025
Commit 2 on Tue Jun 17 12:54:10 UTC 2025
Commit 3 on Tue Jun 17 12:54:13 UTC 2025
Commit 4 on Tue Jun 17 12:54:16 UTC 2025
Commit 1 on Thu Jun 19 12:53:10 UTC 2025
Commit 2 on Thu Jun 19 12:53:13 UTC 2025
Commit 3 on Thu Jun 19 12:53:16 UTC 2025
Commit 4 on Thu Jun 19 12:53:19 UTC 2025
Commit 1 on Sat Jun 21 12:48:28 UTC 2025
Commit 2 on Sat Jun 21 12:48:31 UTC 2025
Commit 3 on Sat Jun 21 12:48:34 UTC 2025
Commit 4 on Sat Jun 21 12:48:37 UTC 2025
Commit 1 on Mon Jun 23 12:54:51 UTC 2025
Commit 2 on Mon Jun 23 12:54:54 UTC 2025
Commit 3 on Mon Jun 23 12:54:57 UTC 2025
Commit 4 on Mon Jun 23 12:55:00 UTC 2025
Commit 1 on Wed Jun 25 12:54:51 UTC 2025
Commit 2 on Wed Jun 25 12:54:54 UTC 2025
Commit 3 on Wed Jun 25 12:54:57 UTC 2025
Commit 4 on Wed Jun 25 12:55:00 UTC 2025
Commit 1 on Fri Jun 27 12:52:45 UTC 2025
Commit 2 on Fri Jun 27 12:52:48 UTC 2025
Commit 3 on Fri Jun 27 12:52:51 UTC 2025
Commit 4 on Fri Jun 27 12:52:54 UTC 2025
Commit 1 on Sun Jun 29 12:49:27 UTC 2025
Commit 2 on Sun Jun 29 12:49:30 UTC 2025
Commit 3 on Sun Jun 29 12:49:33 UTC 2025
Commit 4 on Sun Jun 29 12:49:36 UTC 2025
Commit 1 on Tue Jul  1 12:54:11 UTC 2025
Commit 2 on Tue Jul  1 12:54:14 UTC 2025
Commit 3 on Tue Jul  1 12:54:17 UTC 2025
Commit 4 on Tue Jul  1 12:54:20 UTC 2025
Commit 1 on Thu Jul  3 12:52:19 UTC 2025
Commit 2 on Thu Jul  3 12:52:22 UTC 2025
Commit 3 on Thu Jul  3 12:52:25 UTC 2025
Commit 4 on Thu Jul  3 12:52:28 UTC 2025
Commit 1 on Sat Jul  5 12:49:03 UTC 2025
Commit 2 on Sat Jul  5 12:49:06 UTC 2025
Commit 3 on Sat Jul  5 12:49:09 UTC 2025
Commit 4 on Sat Jul  5 12:49:12 UTC 2025
Commit 1 on Mon Jul  7 12:54:29 UTC 2025
Commit 2 on Mon Jul  7 12:54:32 UTC 2025
Commit 3 on Mon Jul  7 12:54:35 UTC 2025
Commit 4 on Mon Jul  7 12:54:38 UTC 2025
Commit 1 on Wed Jul  9 12:54:26 UTC 2025
Commit 2 on Wed Jul  9 12:54:29 UTC 2025
Commit 3 on Wed Jul  9 12:54:32 UTC 2025
Commit 4 on Wed Jul  9 12:54:35 UTC 2025
Commit 1 on Fri Jul 11 12:53:47 UTC 2025
Commit 2 on Fri Jul 11 12:53:50 UTC 2025
Commit 3 on Fri Jul 11 12:53:53 UTC 2025
Commit 4 on Fri Jul 11 12:53:56 UTC 2025
Commit 1 on Sun Jul 13 12:50:36 UTC 2025
Commit 2 on Sun Jul 13 12:50:39 UTC 2025
Commit 3 on Sun Jul 13 12:50:42 UTC 2025
Commit 4 on Sun Jul 13 12:50:45 UTC 2025
Commit 1 on Tue Jul 15 12:56:27 UTC 2025
Commit 2 on Tue Jul 15 12:56:30 UTC 2025
Commit 3 on Tue Jul 15 12:56:33 UTC 2025
Commit 4 on Tue Jul 15 12:56:36 UTC 2025
Commit 1 on Thu Jul 17 12:56:08 UTC 2025
Commit 2 on Thu Jul 17 12:56:11 UTC 2025
Commit 3 on Thu Jul 17 12:56:14 UTC 2025
Commit 4 on Thu Jul 17 12:56:17 UTC 2025
Commit 1 on Sat Jul 19 12:51:29 UTC 2025
Commit 2 on Sat Jul 19 12:51:32 UTC 2025
Commit 3 on Sat Jul 19 12:51:35 UTC 2025
Commit 4 on Sat Jul 19 12:51:38 UTC 2025
Commit 1 on Mon Jul 21 12:57:44 UTC 2025
Commit 2 on Mon Jul 21 12:57:47 UTC 2025
Commit 3 on Mon Jul 21 12:57:50 UTC 2025
Commit 4 on Mon Jul 21 12:57:53 UTC 2025
Commit 1 on Wed Jul 23 12:57:53 UTC 2025
Commit 2 on Wed Jul 23 12:57:56 UTC 2025
Commit 3 on Wed Jul 23 12:57:59 UTC 2025
Commit 4 on Wed Jul 23 12:58:02 UTC 2025
Commit 1 on Fri Jul 25 12:56:15 UTC 2025
Commit 2 on Fri Jul 25 12:56:18 UTC 2025
Commit 3 on Fri Jul 25 12:56:21 UTC 2025
Commit 4 on Fri Jul 25 12:56:24 UTC 2025
Commit 1 on Sun Jul 27 12:53:27 UTC 2025
Commit 2 on Sun Jul 27 12:53:30 UTC 2025
Commit 3 on Sun Jul 27 12:53:33 UTC 2025
Commit 4 on Sun Jul 27 12:53:36 UTC 2025
Commit 1 on Tue Jul 29 12:59:32 UTC 2025
Commit 2 on Tue Jul 29 12:59:35 UTC 2025
Commit 3 on Tue Jul 29 12:59:38 UTC 2025
Commit 4 on Tue Jul 29 12:59:41 UTC 2025
Commit 1 on Thu Jul 31 12:57:34 UTC 2025
Commit 2 on Thu Jul 31 12:57:37 UTC 2025
Commit 3 on Thu Jul 31 12:57:40 UTC 2025
Commit 4 on Thu Jul 31 12:57:43 UTC 2025
Commit 1 on Fri Aug  1 12:58:03 UTC 2025
Commit 2 on Fri Aug  1 12:58:06 UTC 2025
Commit 3 on Fri Aug  1 12:58:09 UTC 2025
Commit 4 on Fri Aug  1 12:58:12 UTC 2025
Commit 1 on Sun Aug  3 12:55:44 UTC 2025
Commit 2 on Sun Aug  3 12:55:47 UTC 2025
Commit 3 on Sun Aug  3 12:55:50 UTC 2025
Commit 4 on Sun Aug  3 12:55:53 UTC 2025
Commit 1 on Tue Aug  5 13:00:15 UTC 2025
Commit 2 on Tue Aug  5 13:00:18 UTC 2025
Commit 3 on Tue Aug  5 13:00:21 UTC 2025
Commit 4 on Tue Aug  5 13:00:24 UTC 2025
Commit 1 on Thu Aug  7 12:59:41 UTC 2025
Commit 2 on Thu Aug  7 12:59:44 UTC 2025
Commit 3 on Thu Aug  7 12:59:47 UTC 2025
Commit 4 on Thu Aug  7 12:59:50 UTC 2025
Commit 1 on Sat Aug  9 12:51:56 UTC 2025
Commit 2 on Sat Aug  9 12:51:59 UTC 2025
Commit 3 on Sat Aug  9 12:52:02 UTC 2025
Commit 4 on Sat Aug  9 12:52:05 UTC 2025
Commit 1 on Mon Aug 11 12:57:43 UTC 2025
Commit 2 on Mon Aug 11 12:57:46 UTC 2025
Commit 3 on Mon Aug 11 12:57:49 UTC 2025
Commit 4 on Mon Aug 11 12:57:52 UTC 2025
Commit 1 on Wed Aug 13 12:55:50 UTC 2025
Commit 2 on Wed Aug 13 12:55:53 UTC 2025
Commit 3 on Wed Aug 13 12:55:56 UTC 2025
Commit 4 on Wed Aug 13 12:55:59 UTC 2025
Commit 1 on Fri Aug 15 12:52:29 UTC 2025
Commit 2 on Fri Aug 15 12:52:32 UTC 2025
Commit 3 on Fri Aug 15 12:52:35 UTC 2025
Commit 4 on Fri Aug 15 12:52:38 UTC 2025
Commit 1 on Sun Aug 17 12:50:52 UTC 2025
Commit 2 on Sun Aug 17 12:50:55 UTC 2025
Commit 3 on Sun Aug 17 12:50:58 UTC 2025
Commit 4 on Sun Aug 17 12:51:01 UTC 2025
Commit 1 on Tue Aug 19 12:50:56 UTC 2025
Commit 2 on Tue Aug 19 12:50:59 UTC 2025
Commit 3 on Tue Aug 19 12:51:02 UTC 2025
Commit 4 on Tue Aug 19 12:51:05 UTC 2025
Commit 1 on Thu Aug 21 12:52:18 UTC 2025
Commit 2 on Thu Aug 21 12:52:21 UTC 2025
Commit 3 on Thu Aug 21 12:52:24 UTC 2025
Commit 4 on Thu Aug 21 12:52:27 UTC 2025
Commit 1 on Sat Aug 23 12:47:30 UTC 2025
Commit 2 on Sat Aug 23 12:47:33 UTC 2025
Commit 3 on Sat Aug 23 12:47:36 UTC 2025
Commit 4 on Sat Aug 23 12:47:39 UTC 2025
Commit 1 on Mon Aug 25 12:53:34 UTC 2025
Commit 2 on Mon Aug 25 12:53:37 UTC 2025
Commit 3 on Mon Aug 25 12:53:40 UTC 2025
Commit 4 on Mon Aug 25 12:53:43 UTC 2025
Commit 1 on Wed Aug 27 12:51:02 UTC 2025
Commit 2 on Wed Aug 27 12:51:05 UTC 2025
Commit 3 on Wed Aug 27 12:51:08 UTC 2025
Commit 4 on Wed Aug 27 12:51:11 UTC 2025
Commit 1 on Fri Aug 29 12:50:10 UTC 2025
Commit 2 on Fri Aug 29 12:50:13 UTC 2025
Commit 3 on Fri Aug 29 12:50:16 UTC 2025
Commit 4 on Fri Aug 29 12:50:19 UTC 2025
Commit 1 on Sun Aug 31 12:46:05 UTC 2025
Commit 2 on Sun Aug 31 12:46:08 UTC 2025
Commit 3 on Sun Aug 31 12:46:11 UTC 2025
Commit 4 on Sun Aug 31 12:46:14 UTC 2025
Commit 1 on Mon Sep  1 12:52:48 UTC 2025
Commit 2 on Mon Sep  1 12:52:51 UTC 2025
Commit 3 on Mon Sep  1 12:52:54 UTC 2025
Commit 4 on Mon Sep  1 12:52:57 UTC 2025
Commit 1 on Wed Sep  3 12:49:51 UTC 2025
Commit 2 on Wed Sep  3 12:49:54 UTC 2025
Commit 3 on Wed Sep  3 12:49:57 UTC 2025
Commit 4 on Wed Sep  3 12:50:00 UTC 2025
Commit 1 on Fri Sep  5 12:49:11 UTC 2025
Commit 2 on Fri Sep  5 12:49:14 UTC 2025
Commit 3 on Fri Sep  5 12:49:17 UTC 2025
Commit 4 on Fri Sep  5 12:49:20 UTC 2025
Commit 1 on Sun Sep  7 12:43:30 UTC 2025
Commit 2 on Sun Sep  7 12:43:33 UTC 2025
Commit 3 on Sun Sep  7 12:43:36 UTC 2025
Commit 4 on Sun Sep  7 12:43:39 UTC 2025
Commit 1 on Tue Sep  9 12:53:20 UTC 2025
Commit 2 on Tue Sep  9 12:53:23 UTC 2025
Commit 3 on Tue Sep  9 12:53:26 UTC 2025
Commit 4 on Tue Sep  9 12:53:29 UTC 2025
Commit 1 on Thu Sep 11 12:48:46 UTC 2025
Commit 2 on Thu Sep 11 12:48:49 UTC 2025
Commit 3 on Thu Sep 11 12:48:52 UTC 2025
Commit 4 on Thu Sep 11 12:48:55 UTC 2025
Commit 1 on Sat Sep 13 12:43:05 UTC 2025
Commit 2 on Sat Sep 13 12:43:08 UTC 2025
Commit 3 on Sat Sep 13 12:43:11 UTC 2025
Commit 4 on Sat Sep 13 12:43:14 UTC 2025
Commit 1 on Mon Sep 15 12:51:37 UTC 2025
Commit 2 on Mon Sep 15 12:51:40 UTC 2025
Commit 3 on Mon Sep 15 12:51:43 UTC 2025
Commit 4 on Mon Sep 15 12:51:46 UTC 2025
Commit 1 on Wed Sep 17 12:51:20 UTC 2025
Commit 2 on Wed Sep 17 12:51:23 UTC 2025
Commit 3 on Wed Sep 17 12:51:26 UTC 2025
Commit 4 on Wed Sep 17 12:51:29 UTC 2025
Commit 1 on Fri Sep 19 12:50:16 UTC 2025
Commit 2 on Fri Sep 19 12:50:19 UTC 2025
Commit 3 on Fri Sep 19 12:50:22 UTC 2025
Commit 4 on Fri Sep 19 12:50:25 UTC 2025
Commit 1 on Sun Sep 21 12:44:44 UTC 2025
Commit 2 on Sun Sep 21 12:44:47 UTC 2025
Commit 3 on Sun Sep 21 12:44:50 UTC 2025
Commit 4 on Sun Sep 21 12:44:53 UTC 2025
Commit 1 on Tue Sep 23 12:50:27 UTC 2025
Commit 2 on Tue Sep 23 12:50:30 UTC 2025
Commit 3 on Tue Sep 23 12:50:33 UTC 2025
Commit 4 on Tue Sep 23 12:50:36 UTC 2025
Commit 1 on Thu Sep 25 12:52:21 UTC 2025
Commit 2 on Thu Sep 25 12:52:24 UTC 2025
Commit 3 on Thu Sep 25 12:52:27 UTC 2025
Commit 4 on Thu Sep 25 12:52:30 UTC 2025
Commit 1 on Sat Sep 27 12:44:10 UTC 2025
Commit 2 on Sat Sep 27 12:44:13 UTC 2025
Commit 3 on Sat Sep 27 12:44:16 UTC 2025
Commit 4 on Sat Sep 27 12:44:19 UTC 2025
Commit 1 on Mon Sep 29 12:53:18 UTC 2025
Commit 2 on Mon Sep 29 12:53:21 UTC 2025
Commit 3 on Mon Sep 29 12:53:24 UTC 2025
Commit 4 on Mon Sep 29 12:53:27 UTC 2025
Commit 1 on Wed Oct  1 12:53:08 UTC 2025
Commit 2 on Wed Oct  1 12:53:11 UTC 2025
Commit 3 on Wed Oct  1 12:53:14 UTC 2025
Commit 4 on Wed Oct  1 12:53:17 UTC 2025
Commit 1 on Fri Oct  3 12:49:22 UTC 2025
Commit 2 on Fri Oct  3 12:49:25 UTC 2025
Commit 3 on Fri Oct  3 12:49:28 UTC 2025
Commit 4 on Fri Oct  3 12:49:31 UTC 2025
Commit 1 on Sun Oct  5 12:44:36 UTC 2025
Commit 2 on Sun Oct  5 12:44:39 UTC 2025
Commit 3 on Sun Oct  5 12:44:42 UTC 2025
Commit 4 on Sun Oct  5 12:44:45 UTC 2025
Commit 1 on Tue Oct  7 12:52:03 UTC 2025
Commit 2 on Tue Oct  7 12:52:06 UTC 2025
Commit 3 on Tue Oct  7 12:52:09 UTC 2025
Commit 4 on Tue Oct  7 12:52:12 UTC 2025
Commit 1 on Thu Oct  9 12:52:29 UTC 2025
Commit 2 on Thu Oct  9 12:52:32 UTC 2025
Commit 3 on Thu Oct  9 12:52:35 UTC 2025
Commit 4 on Thu Oct  9 12:52:38 UTC 2025
Commit 1 on Sat Oct 11 12:44:06 UTC 2025
Commit 2 on Sat Oct 11 12:44:09 UTC 2025
Commit 3 on Sat Oct 11 12:44:12 UTC 2025
Commit 4 on Sat Oct 11 12:44:15 UTC 2025
Commit 1 on Mon Oct 13 12:52:20 UTC 2025
Commit 2 on Mon Oct 13 12:52:23 UTC 2025
Commit 3 on Mon Oct 13 12:52:26 UTC 2025
Commit 4 on Mon Oct 13 12:52:29 UTC 2025
Commit 1 on Wed Oct 15 12:54:04 UTC 2025
Commit 2 on Wed Oct 15 12:54:07 UTC 2025
Commit 3 on Wed Oct 15 12:54:10 UTC 2025
Commit 4 on Wed Oct 15 12:54:13 UTC 2025
Commit 1 on Fri Oct 17 12:52:10 UTC 2025
Commit 2 on Fri Oct 17 12:52:13 UTC 2025
Commit 3 on Fri Oct 17 12:52:16 UTC 2025
Commit 4 on Fri Oct 17 12:52:19 UTC 2025
Commit 1 on Sun Oct 19 12:46:20 UTC 2025
Commit 2 on Sun Oct 19 12:46:23 UTC 2025
Commit 3 on Sun Oct 19 12:46:26 UTC 2025
Commit 4 on Sun Oct 19 12:46:29 UTC 2025
Commit 1 on Tue Oct 21 12:54:41 UTC 2025
Commit 2 on Tue Oct 21 12:54:44 UTC 2025
Commit 3 on Tue Oct 21 12:54:48 UTC 2025
Commit 4 on Tue Oct 21 12:54:51 UTC 2025
Commit 1 on Thu Oct 23 12:54:37 UTC 2025
Commit 2 on Thu Oct 23 12:54:40 UTC 2025
Commit 3 on Thu Oct 23 12:54:43 UTC 2025
Commit 4 on Thu Oct 23 12:54:46 UTC 2025
Commit 1 on Sat Oct 25 12:45:56 UTC 2025
Commit 2 on Sat Oct 25 12:45:59 UTC 2025
Commit 3 on Sat Oct 25 12:46:02 UTC 2025
Commit 4 on Sat Oct 25 12:46:05 UTC 2025
Commit 1 on Mon Oct 27 12:54:36 UTC 2025
Commit 2 on Mon Oct 27 12:54:39 UTC 2025
Commit 3 on Mon Oct 27 12:54:42 UTC 2025
Commit 4 on Mon Oct 27 12:54:45 UTC 2025
Commit 1 on Wed Oct 29 12:54:55 UTC 2025
Commit 2 on Wed Oct 29 12:54:58 UTC 2025
Commit 3 on Wed Oct 29 12:55:01 UTC 2025
Commit 4 on Wed Oct 29 12:55:04 UTC 2025
Commit 1 on Fri Oct 31 12:52:53 UTC 2025
Commit 2 on Fri Oct 31 12:52:56 UTC 2025
Commit 3 on Fri Oct 31 12:52:59 UTC 2025
Commit 4 on Fri Oct 31 12:53:02 UTC 2025
Commit 1 on Sat Nov  1 12:47:05 UTC 2025
Commit 2 on Sat Nov  1 12:47:08 UTC 2025
Commit 3 on Sat Nov  1 12:47:11 UTC 2025
Commit 4 on Sat Nov  1 12:47:14 UTC 2025
Commit 1 on Mon Nov  3 12:54:06 UTC 2025
Commit 2 on Mon Nov  3 12:54:09 UTC 2025
Commit 3 on Mon Nov  3 12:54:12 UTC 2025
Commit 4 on Mon Nov  3 12:54:15 UTC 2025
Commit 1 on Wed Nov  5 12:54:11 UTC 2025
Commit 2 on Wed Nov  5 12:54:14 UTC 2025
Commit 3 on Wed Nov  5 12:54:17 UTC 2025
Commit 4 on Wed Nov  5 12:54:20 UTC 2025
Commit 1 on Fri Nov  7 12:52:28 UTC 2025
Commit 2 on Fri Nov  7 12:52:31 UTC 2025
Commit 3 on Fri Nov  7 12:52:34 UTC 2025
Commit 4 on Fri Nov  7 12:52:37 UTC 2025
Commit 1 on Sun Nov  9 12:47:23 UTC 2025
Commit 2 on Sun Nov  9 12:47:26 UTC 2025
Commit 3 on Sun Nov  9 12:47:29 UTC 2025
Commit 4 on Sun Nov  9 12:47:32 UTC 2025
Commit 1 on Tue Nov 11 12:53:56 UTC 2025
Commit 2 on Tue Nov 11 12:53:59 UTC 2025
Commit 3 on Tue Nov 11 12:54:02 UTC 2025
Commit 4 on Tue Nov 11 12:54:05 UTC 2025
Commit 1 on Thu Nov 13 12:55:32 UTC 2025
Commit 2 on Thu Nov 13 12:55:35 UTC 2025
Commit 3 on Thu Nov 13 12:55:38 UTC 2025
Commit 4 on Thu Nov 13 12:55:41 UTC 2025
Commit 1 on Sat Nov 15 12:48:02 UTC 2025
Commit 2 on Sat Nov 15 12:48:05 UTC 2025
Commit 3 on Sat Nov 15 12:48:08 UTC 2025
Commit 4 on Sat Nov 15 12:48:11 UTC 2025
Commit 1 on Mon Nov 17 12:54:28 UTC 2025
Commit 2 on Mon Nov 17 12:54:31 UTC 2025
Commit 3 on Mon Nov 17 12:54:34 UTC 2025
Commit 4 on Mon Nov 17 12:54:37 UTC 2025
Commit 1 on Wed Nov 19 12:54:30 UTC 2025
Commit 2 on Wed Nov 19 12:54:33 UTC 2025
Commit 3 on Wed Nov 19 12:54:36 UTC 2025
Commit 4 on Wed Nov 19 12:54:39 UTC 2025
Commit 1 on Fri Nov 21 12:52:44 UTC 2025
Commit 2 on Fri Nov 21 12:52:47 UTC 2025
Commit 3 on Fri Nov 21 12:52:50 UTC 2025
Commit 4 on Fri Nov 21 12:52:53 UTC 2025
Commit 1 on Sun Nov 23 12:46:19 UTC 2025
Commit 2 on Sun Nov 23 12:46:22 UTC 2025
Commit 3 on Sun Nov 23 12:46:25 UTC 2025
Commit 4 on Sun Nov 23 12:46:28 UTC 2025
Commit 1 on Tue Nov 25 12:55:16 UTC 2025
Commit 2 on Tue Nov 25 12:55:19 UTC 2025
Commit 3 on Tue Nov 25 12:55:22 UTC 2025
Commit 4 on Tue Nov 25 12:55:25 UTC 2025
Commit 1 on Thu Nov 27 12:55:23 UTC 2025
Commit 2 on Thu Nov 27 12:55:26 UTC 2025
Commit 3 on Thu Nov 27 12:55:29 UTC 2025
Commit 4 on Thu Nov 27 12:55:33 UTC 2025
Commit 1 on Sat Nov 29 12:50:25 UTC 2025
Commit 2 on Sat Nov 29 12:50:28 UTC 2025
Commit 3 on Sat Nov 29 12:50:31 UTC 2025
Commit 4 on Sat Nov 29 12:50:34 UTC 2025
Commit 1 on Mon Dec  1 12:56:46 UTC 2025
Commit 2 on Mon Dec  1 12:56:49 UTC 2025
Commit 3 on Mon Dec  1 12:56:52 UTC 2025
Commit 4 on Mon Dec  1 12:56:55 UTC 2025
Commit 1 on Wed Dec  3 12:58:20 UTC 2025
Commit 2 on Wed Dec  3 12:58:23 UTC 2025
Commit 3 on Wed Dec  3 12:58:26 UTC 2025
Commit 4 on Wed Dec  3 12:58:29 UTC 2025
Commit 1 on Fri Dec  5 12:55:21 UTC 2025
Commit 2 on Fri Dec  5 12:55:24 UTC 2025
Commit 3 on Fri Dec  5 12:55:27 UTC 2025
Commit 4 on Fri Dec  5 12:55:30 UTC 2025
Commit 1 on Sun Dec  7 12:49:27 UTC 2025
Commit 2 on Sun Dec  7 12:49:30 UTC 2025
Commit 3 on Sun Dec  7 12:49:33 UTC 2025
Commit 4 on Sun Dec  7 12:49:36 UTC 2025
Commit 1 on Tue Dec  9 12:58:24 UTC 2025
Commit 2 on Tue Dec  9 12:58:27 UTC 2025
Commit 3 on Tue Dec  9 12:58:30 UTC 2025
Commit 4 on Tue Dec  9 12:58:33 UTC 2025
Commit 1 on Thu Dec 11 12:59:59 UTC 2025
Commit 2 on Thu Dec 11 13:00:02 UTC 2025
Commit 3 on Thu Dec 11 13:00:05 UTC 2025
Commit 4 on Thu Dec 11 13:00:08 UTC 2025
Commit 1 on Sat Dec 13 12:51:41 UTC 2025
Commit 2 on Sat Dec 13 12:51:44 UTC 2025
Commit 3 on Sat Dec 13 12:51:47 UTC 2025
Commit 4 on Sat Dec 13 12:51:50 UTC 2025
Commit 1 on Mon Dec 15 13:00:42 UTC 2025
Commit 2 on Mon Dec 15 13:00:45 UTC 2025
Commit 3 on Mon Dec 15 13:00:48 UTC 2025
Commit 4 on Mon Dec 15 13:00:51 UTC 2025
Commit 1 on Wed Dec 17 12:58:51 UTC 2025
Commit 2 on Wed Dec 17 12:58:54 UTC 2025
Commit 3 on Wed Dec 17 12:58:57 UTC 2025
Commit 4 on Wed Dec 17 12:59:00 UTC 2025
Commit 1 on Fri Dec 19 12:55:42 UTC 2025
Commit 2 on Fri Dec 19 12:55:45 UTC 2025
Commit 3 on Fri Dec 19 12:55:48 UTC 2025
Commit 4 on Fri Dec 19 12:55:51 UTC 2025
Commit 1 on Sun Dec 21 12:51:59 UTC 2025
Commit 2 on Sun Dec 21 12:52:02 UTC 2025
Commit 3 on Sun Dec 21 12:52:05 UTC 2025
Commit 4 on Sun Dec 21 12:52:08 UTC 2025
Commit 1 on Tue Dec 23 12:57:53 UTC 2025
Commit 2 on Tue Dec 23 12:57:56 UTC 2025
Commit 3 on Tue Dec 23 12:57:59 UTC 2025
Commit 4 on Tue Dec 23 12:58:02 UTC 2025
Commit 1 on Thu Dec 25 12:55:14 UTC 2025
Commit 2 on Thu Dec 25 12:55:17 UTC 2025
Commit 3 on Thu Dec 25 12:55:20 UTC 2025
Commit 4 on Thu Dec 25 12:55:23 UTC 2025
Commit 1 on Sat Dec 27 12:53:01 UTC 2025
Commit 2 on Sat Dec 27 12:53:04 UTC 2025
Commit 3 on Sat Dec 27 12:53:07 UTC 2025
Commit 4 on Sat Dec 27 12:53:10 UTC 2025
Commit 1 on Mon Dec 29 12:58:56 UTC 2025
Commit 2 on Mon Dec 29 12:58:59 UTC 2025
Commit 3 on Mon Dec 29 12:59:02 UTC 2025
Commit 4 on Mon Dec 29 12:59:05 UTC 2025
Commit 1 on Wed Dec 31 12:56:16 UTC 2025
Commit 2 on Wed Dec 31 12:56:19 UTC 2025
Commit 3 on Wed Dec 31 12:56:22 UTC 2025
Commit 4 on Wed Dec 31 12:56:25 UTC 2025
Commit 1 on Thu Jan  1 12:56:23 UTC 2026
Commit 2 on Thu Jan  1 12:56:26 UTC 2026
Commit 3 on Thu Jan  1 12:56:29 UTC 2026
Commit 4 on Thu Jan  1 12:56:32 UTC 2026
Commit 1 on Sat Jan  3 12:53:23 UTC 2026
Commit 2 on Sat Jan  3 12:53:26 UTC 2026
Commit 3 on Sat Jan  3 12:53:29 UTC 2026
Commit 4 on Sat Jan  3 12:53:32 UTC 2026
Commit 1 on Mon Jan  5 13:01:08 UTC 2026
Commit 2 on Mon Jan  5 13:01:11 UTC 2026
Commit 3 on Mon Jan  5 13:01:14 UTC 2026
Commit 4 on Mon Jan  5 13:01:17 UTC 2026
Commit 1 on Wed Jan  7 12:59:52 UTC 2026
Commit 2 on Wed Jan  7 12:59:55 UTC 2026
Commit 3 on Wed Jan  7 12:59:58 UTC 2026
Commit 4 on Wed Jan  7 13:00:01 UTC 2026
Commit 1 on Fri Jan  9 12:59:35 UTC 2026
Commit 2 on Fri Jan  9 12:59:38 UTC 2026
Commit 3 on Fri Jan  9 12:59:41 UTC 2026
Commit 4 on Fri Jan  9 12:59:44 UTC 2026
Commit 1 on Sun Jan 11 12:54:41 UTC 2026
Commit 2 on Sun Jan 11 12:54:44 UTC 2026
Commit 3 on Sun Jan 11 12:54:47 UTC 2026
Commit 4 on Sun Jan 11 12:54:50 UTC 2026
Commit 1 on Tue Jan 13 13:01:53 UTC 2026
Commit 2 on Tue Jan 13 13:01:56 UTC 2026
Commit 3 on Tue Jan 13 13:01:59 UTC 2026
Commit 4 on Tue Jan 13 13:02:02 UTC 2026
Commit 1 on Thu Jan 15 13:00:15 UTC 2026
Commit 2 on Thu Jan 15 13:00:18 UTC 2026
Commit 3 on Thu Jan 15 13:00:21 UTC 2026
Commit 4 on Thu Jan 15 13:00:24 UTC 2026
Commit 1 on Sat Jan 17 12:53:35 UTC 2026
Commit 2 on Sat Jan 17 12:53:38 UTC 2026
Commit 3 on Sat Jan 17 12:53:41 UTC 2026
Commit 4 on Sat Jan 17 12:53:44 UTC 2026
Commit 1 on Mon Jan 19 13:04:55 UTC 2026
Commit 2 on Mon Jan 19 13:04:58 UTC 2026
Commit 3 on Mon Jan 19 13:05:01 UTC 2026
Commit 4 on Mon Jan 19 13:05:04 UTC 2026
Commit 1 on Wed Jan 21 13:04:38 UTC 2026
Commit 2 on Wed Jan 21 13:04:41 UTC 2026
Commit 3 on Wed Jan 21 13:04:44 UTC 2026
Commit 4 on Wed Jan 21 13:04:47 UTC 2026
Commit 1 on Fri Jan 23 13:02:34 UTC 2026
Commit 2 on Fri Jan 23 13:02:37 UTC 2026
Commit 3 on Fri Jan 23 13:02:40 UTC 2026
Commit 4 on Fri Jan 23 13:02:43 UTC 2026
Commit 1 on Sun Jan 25 12:56:37 UTC 2026
Commit 2 on Sun Jan 25 12:56:40 UTC 2026
Commit 3 on Sun Jan 25 12:56:43 UTC 2026
Commit 4 on Sun Jan 25 12:56:46 UTC 2026
Commit 1 on Tue Jan 27 13:05:50 UTC 2026
Commit 2 on Tue Jan 27 13:05:53 UTC 2026
Commit 3 on Tue Jan 27 13:05:56 UTC 2026
Commit 4 on Tue Jan 27 13:05:59 UTC 2026
Commit 1 on Thu Jan 29 13:13:22 UTC 2026
Commit 2 on Thu Jan 29 13:13:25 UTC 2026
Commit 3 on Thu Jan 29 13:13:28 UTC 2026
Commit 4 on Thu Jan 29 13:13:31 UTC 2026
Commit 1 on Sat Jan 31 13:02:43 UTC 2026
Commit 2 on Sat Jan 31 13:02:46 UTC 2026
Commit 3 on Sat Jan 31 13:02:49 UTC 2026
Commit 4 on Sat Jan 31 13:02:52 UTC 2026
Commit 1 on Sun Feb  1 13:05:15 UTC 2026
Commit 2 on Sun Feb  1 13:05:18 UTC 2026
Commit 3 on Sun Feb  1 13:05:21 UTC 2026
Commit 4 on Sun Feb  1 13:05:24 UTC 2026
Commit 1 on Tue Feb  3 13:17:08 UTC 2026
Commit 2 on Tue Feb  3 13:17:11 UTC 2026
Commit 3 on Tue Feb  3 13:17:14 UTC 2026
Commit 4 on Tue Feb  3 13:17:17 UTC 2026
Commit 1 on Thu Feb  5 13:18:25 UTC 2026
Commit 2 on Thu Feb  5 13:18:28 UTC 2026
Commit 3 on Thu Feb  5 13:18:31 UTC 2026
Commit 4 on Thu Feb  5 13:18:34 UTC 2026
Commit 1 on Sat Feb  7 13:04:24 UTC 2026
Commit 2 on Sat Feb  7 13:04:27 UTC 2026
Commit 3 on Sat Feb  7 13:04:30 UTC 2026
Commit 4 on Sat Feb  7 13:04:33 UTC 2026
Commit 1 on Mon Feb  9 13:25:14 UTC 2026
Commit 2 on Mon Feb  9 13:25:17 UTC 2026
Commit 3 on Mon Feb  9 13:25:20 UTC 2026
Commit 4 on Mon Feb  9 13:25:23 UTC 2026
Commit 1 on Wed Feb 11 13:26:14 UTC 2026
